{
 "data" : [
{
  "preview" : "thumb1.jpg",
  "template" : "frame1.png",
  "maskImage" : "mask1.png",
  "x" : "30",
  "y" : "311"
},
{
  "preview" : "thumb2.jpg",
  "template" : "frame2.png",
  "maskImage" : "mask2.png",
  "x" : "99",
  "y" : "403"
},
{
  "preview" : "thumb3.jpg",
  "template" : "frame3.png",
  "maskImage" : "mask3.png",
  "x" : "242",
  "y" : "220"
},
{
  "preview" : "thumb4.jpg",
  "template" : "frame4.png",
  "maskImage" : "mask4.png",
  "x" : "271",
  "y" : "208"
},{
  "preview" : "thumb5.jpg",
  "template" : "frame5.png",
  "maskImage" : "mask5.png",
  "x" : "100",
  "y" : "392"
},
{
  "preview" : "thumb6.jpg",
  "template" : "frame6.png",
  "maskImage" : "mask6.png",
  "x" : "130",
  "y" : "178"
},
{
  "preview" : "thumb7.jpg",
  "template" : "frame7.png",
  "maskImage" : "mask7.png",
  "x" : "129",
  "y" : "125"
},
{
  "preview" : "thumb8.jpg",
  "template" : "frame8.png",
  "maskImage" : "mask8.png",
  "x" : "49",
  "y" : "216"
},
{
  "preview" : "thumb9.jpg",
  "template" : "frame9.png",
  "maskImage" : "mask9.png",
  "x" : "212",
  "y" : "387"
},
{
  "preview" : "thumb10.jpg",
  "template" : "frame10.png",
  "maskImage" : "mask10.png",
  "x" : "306",
  "y" : "370"
},
{
  "preview" : "thumb11.jpg",
  "template" : "frame11.png",
  "maskImage" : "mask11.png",
  "x" : "201",
  "y" : "204"
},
{
  "preview" : "Thu_30.jpg",
  "template" : "frame12.png",
  "maskImage" : "mask12.png",
  "x" : "319",
  "y" : "342"
}
]
}